entity_type,value,rel_path
ecu,ME17.8.8,bosch-mg1ua008-1350.html
ecu,MED17.8.10,bosch-mg1ua008-1350.html
ecu,MG1UA008,bosch-mg1ua008-1350.html
ecu,MG1US008,bosch-mg1ua008-1350.html
ecu,MT92,bosch-mg1ua008-1350.html
brand,BAIC,bosch-mg1ua008-1350.html
brand,CHANGAN,bosch-mg1ua008-1350.html
brand,CHERY,bosch-mg1ua008-1350.html
brand,DONGFENG,bosch-mg1ua008-1350.html
brand,FAW,bosch-mg1ua008-1350.html
brand,GAC,bosch-mg1ua008-1350.html
brand,GEELY,bosch-mg1ua008-1350.html
brand,GREAT WALL,bosch-mg1ua008-1350.html
brand,GREAT-WALL,bosch-mg1ua008-1350.html
brand,HAVAL,bosch-mg1ua008-1350.html
brand,JAC,bosch-mg1ua008-1350.html
brand,LEXUS,bosch-mg1ua008-1350.html
brand,TOYOTA,bosch-mg1ua008-1350.html
ecu,MG1UA008,bosch-mg1ua008-2400.html
brand,BAIC,bosch-mg1ua008-2400.html
brand,CHANGAN,bosch-mg1ua008-2400.html
brand,CHERY,bosch-mg1ua008-2400.html
brand,DONGFENG,bosch-mg1ua008-2400.html
brand,FAW,bosch-mg1ua008-2400.html
brand,GAC,bosch-mg1ua008-2400.html
brand,GEELY,bosch-mg1ua008-2400.html
brand,GREAT WALL,bosch-mg1ua008-2400.html
brand,GREAT-WALL,bosch-mg1ua008-2400.html
brand,HAVAL,bosch-mg1ua008-2400.html
brand,JAC,bosch-mg1ua008-2400.html
brand,LEXUS,bosch-mg1ua008-2400.html
brand,TOYOTA,bosch-mg1ua008-2400.html
ecu,DCM 7.1AP,bosch-mg1us008-1668.html
ecu,EDC17C53,bosch-mg1us008-1668.html
ecu,ME17.8.8,bosch-mg1us008-1668.html
ecu,MG1US008,bosch-mg1us008-1668.html
brand,BAIC,bosch-mg1us008-1668.html
brand,CHANGAN,bosch-mg1us008-1668.html
brand,CHERY,bosch-mg1us008-1668.html
brand,DONGFENG,bosch-mg1us008-1668.html
brand,FAW,bosch-mg1us008-1668.html
brand,GAC,bosch-mg1us008-1668.html
brand,GEELY,bosch-mg1us008-1668.html
brand,GREAT WALL,bosch-mg1us008-1668.html
brand,GREAT-WALL,bosch-mg1us008-1668.html
brand,HAVAL,bosch-mg1us008-1668.html
brand,JAC,bosch-mg1us008-1668.html
brand,LEXUS,bosch-mg1us008-1668.html
brand,TANK,bosch-mg1us008-1668.html
brand,TOYOTA,bosch-mg1us008-1668.html
ecu,EDC17C81,bosch-mg1us008-2450.html
ecu,MG1US008,bosch-mg1us008-2450.html
brand,BAIC,bosch-mg1us008-2450.html
brand,CHANGAN,bosch-mg1us008-2450.html
brand,CHERY,bosch-mg1us008-2450.html
brand,DONGFENG,bosch-mg1us008-2450.html
brand,FAW,bosch-mg1us008-2450.html
brand,GAC,bosch-mg1us008-2450.html
brand,GEELY,bosch-mg1us008-2450.html
brand,GREAT WALL,bosch-mg1us008-2450.html
brand,GREAT-WALL,bosch-mg1us008-2450.html
brand,HAVAL,bosch-mg1us008-2450.html
brand,JAC,bosch-mg1us008-2450.html
brand,LEXUS,bosch-mg1us008-2450.html
brand,TOYOTA,bosch-mg1us008-2450.html
ecu,MG1US008,bosch-mg1us008-2561.html
brand,BAIC,bosch-mg1us008-2561.html
brand,CHANGAN,bosch-mg1us008-2561.html
brand,CHERY,bosch-mg1us008-2561.html
brand,DONGFENG,bosch-mg1us008-2561.html
brand,FAW,bosch-mg1us008-2561.html
brand,GAC,bosch-mg1us008-2561.html
brand,GEELY,bosch-mg1us008-2561.html
brand,GREAT WALL,bosch-mg1us008-2561.html
brand,GREAT-WALL,bosch-mg1us008-2561.html
brand,HAVAL,bosch-mg1us008-2561.html
brand,JAC,bosch-mg1us008-2561.html
brand,LEXUS,bosch-mg1us008-2561.html
brand,TOYOTA,bosch-mg1us008-2561.html
ecu,DCM7.1AP,bosch-mg1us008-2588.html
ecu,EDC17C81,bosch-mg1us008-2588.html
ecu,MG1US008,bosch-mg1us008-2588.html
brand,BAIC,bosch-mg1us008-2588.html
brand,CHANGAN,bosch-mg1us008-2588.html
brand,CHERY,bosch-mg1us008-2588.html
brand,DONGFENG,bosch-mg1us008-2588.html
brand,FAW,bosch-mg1us008-2588.html
brand,GAC,bosch-mg1us008-2588.html
brand,GEELY,bosch-mg1us008-2588.html
brand,GREAT WALL,bosch-mg1us008-2588.html
brand,GREAT-WALL,bosch-mg1us008-2588.html
brand,HAVAL,bosch-mg1us008-2588.html
brand,JAC,bosch-mg1us008-2588.html
brand,LEXUS,bosch-mg1us008-2588.html
brand,TOYOTA,bosch-mg1us008-2588.html
ecu,ME17U6,bosch-mg1us008-938.html
ecu,MED17.8.10,bosch-mg1us008-938.html
ecu,MG1US008,bosch-mg1us008-938.html
ecu,MT20U,bosch-mg1us008-938.html
brand,BAIC,bosch-mg1us008-938.html
brand,CHANGAN,bosch-mg1us008-938.html
brand,CHERY,bosch-mg1us008-938.html
brand,DONGFENG,bosch-mg1us008-938.html
brand,EXEED,bosch-mg1us008-938.html
brand,FAW,bosch-mg1us008-938.html
brand,GAC,bosch-mg1us008-938.html
brand,GEELY,bosch-mg1us008-938.html
brand,GREAT WALL,bosch-mg1us008-938.html
brand,GREAT-WALL,bosch-mg1us008-938.html
brand,HAVAL,bosch-mg1us008-938.html
brand,JAC,bosch-mg1us008-938.html
brand,LEXUS,bosch-mg1us008-938.html
brand,TOYOTA,bosch-mg1us008-938.html
ecu,ME17.8.8,bosch-mg1us008-954.html
ecu,MED17.8.10,bosch-mg1us008-954.html
ecu,MG1UA008,bosch-mg1us008-954.html
ecu,MG1US008,bosch-mg1us008-954.html
ecu,MT92,bosch-mg1us008-954.html
brand,BAIC,bosch-mg1us008-954.html
brand,CHANGAN,bosch-mg1us008-954.html
brand,CHERY,bosch-mg1us008-954.html
brand,DONGFENG,bosch-mg1us008-954.html
brand,FAW,bosch-mg1us008-954.html
brand,GAC,bosch-mg1us008-954.html
brand,GEELY,bosch-mg1us008-954.html
brand,GREAT WALL,bosch-mg1us008-954.html
brand,GREAT-WALL,bosch-mg1us008-954.html
brand,HAVAL,bosch-mg1us008-954.html
brand,JAC,bosch-mg1us008-954.html
brand,LEXUS,bosch-mg1us008-954.html
brand,TOYOTA,bosch-mg1us008-954.html
ecu,DCM 7.1AP,bosch-mg1us008-980.html
ecu,ME17.8.8,bosch-mg1us008-980.html
ecu,ME17U6,bosch-mg1us008-980.html
ecu,MG1US008,bosch-mg1us008-980.html
ecu,MT22.1,bosch-mg1us008-980.html
ecu,MT92,bosch-mg1us008-980.html
brand,BAIC,bosch-mg1us008-980.html
brand,CHANGAN,bosch-mg1us008-980.html
brand,CHERY,bosch-mg1us008-980.html
brand,DONGFENG,bosch-mg1us008-980.html
brand,FAW,bosch-mg1us008-980.html
brand,GAC,bosch-mg1us008-980.html
brand,GEELY,bosch-mg1us008-980.html
brand,GREAT WALL,bosch-mg1us008-980.html
brand,GREAT-WALL,bosch-mg1us008-980.html
brand,HAVAL,bosch-mg1us008-980.html
brand,JAC,bosch-mg1us008-980.html
brand,LEXUS,bosch-mg1us008-980.html
brand,TOYOTA,bosch-mg1us008-980.html
